Project,Approximate Portfolio,Approximate Sub-Portfolio,Confidence,Classification Note
"3M Coding and Reimbursement","Health Information Management & Revenue Cycle","HIM / Coding / Revenue Integrity",Medium,"Approximate classification based on project/vendor/solution name; validate with portfolio owner."
"3M Core Grouping Server","Health Information Management & Revenue Cycle","HIM / Coding / Revenue Integrity",Medium,"Approximate classification based on project/vendor/solution name; validate with portfolio owner."
"3M Health Info Systems_ Connexion","Health Information Management & Revenue Cycle","HIM / Coding / Revenue Integrity",Medium,"Approximate classification based on project/vendor/solution name; validate with portfolio owner."
"3M Modal","Health Information Management & Revenue Cycle","HIM / Coding / Revenue Integrity",Medium,"Approximate classification based on project/vendor/solution name; validate with portfolio owner."
3Mensio,Cardiology,"Cardiovascular Services",Medium,"Approximate classification based on project/vendor/solution name; validate with portfolio owner."
"AAI HealthCare - T-Stat","Clinical Care & Patient Monitoring","Bedside Care / Monitoring",Medium,"Approximate classification based on project/vendor/solution name; validate with portfolio owner."
"Abbott - ARCHITECT i1000SR & Alinity i Analyzer","Laboratory & Pathology","Clinical Laboratory / Anatomic Pathology",Medium,"Approximate classification based on project/vendor/solution name; validate with portfolio owner."
"Abbott - Ensite X Mapping System",Cardiology,"Cardiovascular Services",Medium,"Approximate classification based on project/vendor/solution name; validate with portfolio owner."
"Abbott - Heart Failure Monitors System CardioMEMS",Cardiology,"Cardiovascular Services",Medium,"Approximate classification based on project/vendor/solution name; validate with portfolio owner."
"Abbott - RALS","Laboratory & Pathology","Clinical Laboratory / Anatomic Pathology",Medium,"Approximate classification based on project/vendor/solution name; validate with portfolio owner."
accessiBe,"Digital Health & Consumer","Digital Front Door / Patient Engagement",Medium,"Approximate classification based on project/vendor/solution name; validate with portfolio owner."
"AGFA NS Instant GENRAD Imaging","Imaging & Radiology","Enterprise Imaging / Radiology Workflow",Medium,"Approximate classification based on project/vendor/solution name; validate with portfolio owner."
"AGFA Pocus","Imaging & Radiology","Enterprise Imaging / Radiology Workflow",Medium,"Approximate classification based on project/vendor/solution name; validate with portfolio owner."
"AgileMD eCART Clinical Deterioration Suite","Enterprise Clinical Applications","Clinical Workflow",Medium,"Approximate classification based on project/vendor/solution name; validate with portfolio owner."
"AGS HIM Managed Service","Health Information Management & Revenue Cycle","HIM / Coding / Revenue Integrity",Medium,"Approximate classification based on project/vendor/solution name; validate with portfolio owner."
AGS_Fax_indexing,"Health Information Management & Revenue Cycle","HIM / Coding / Revenue Integrity",Medium,"Approximate classification based on project/vendor/solution name; validate with portfolio owner."
"AH Redmond - Legacy Camera","Facilities, Physical Security & Communications","Facilities / Safety / Communications",Medium,"Approximate classification based on project/vendor/solution name; validate with portfolio owner."
"AHU Data Center Migration","Infrastructure, Cloud & Platform","Core Infrastructure / Platform",Medium,"Approximate classification based on project/vendor/solution name; validate with portfolio owner."
"Aidoc - Aidoc aiOS","Imaging & Radiology","Enterprise Imaging / Radiology Workflow",Medium,"Approximate classification based on project/vendor/solution name; validate with portfolio owner."
Alertus,"Facilities, Physical Security & Communications","Facilities / Safety / Communications",Medium,"Approximate classification based on project/vendor/solution name; validate with portfolio owner."
"Alliance - Intelerad","Imaging & Radiology","Enterprise Imaging / Radiology Workflow",Medium,"Approximate classification based on project/vendor/solution name; validate with portfolio owner."
AlloSeq,"Laboratory & Pathology","Clinical Laboratory / Anatomic Pathology",Medium,"Approximate classification based on project/vendor/solution name; validate with portfolio owner."
"Amazon - Just Walk Out","Business, Workforce & Administrative","Corporate / Workforce / Administrative",Medium,"Approximate classification based on project/vendor/solution name; validate with portfolio owner."
"Ambu Inc_ aView2 Advance endoscopy platform","Surgery & Perioperative","OR / Procedural Services",Medium,"Approximate classification based on project/vendor/solution name; validate with portfolio owner."
"American College of Radiology - TRIAD","Imaging & Radiology","Enterprise Imaging / Radiology Workflow",Medium,"Approximate classification based on project/vendor/solution name; validate with portfolio owner."
"AmeriSourceBergen - AB Med Tray","Pharmacy & Medication Management","Medication Management",Medium,"Approximate classification based on project/vendor/solution name; validate with portfolio owner."
"Amico - Amico Alarm Panel","Facilities, Physical Security & Communications","Facilities / Safety / Communications",Medium,"Approximate classification based on project/vendor/solution name; validate with portfolio owner."
AMTELCO,"Facilities, Physical Security & Communications","Facilities / Safety / Communications",Medium,"Approximate classification based on project/vendor/solution name; validate with portfolio owner."
"Andgo System - Andgo","Business, Workforce & Administrative","Corporate / Workforce / Administrative",Medium,"Approximate classification based on project/vendor/solution name; validate with portfolio owner."
"Antigen Plus","Laboratory & Pathology","Clinical Laboratory / Anatomic Pathology",Medium,"Approximate classification based on project/vendor/solution name; validate with portfolio owner."
"APHL - Detor (AIMS)","Laboratory & Pathology","Clinical Laboratory / Anatomic Pathology",Medium,"Approximate classification based on project/vendor/solution name; validate with portfolio owner."
"Applied Science - HemoFlow 500xs","Clinical Care & Patient Monitoring","Bedside Care / Monitoring",Medium,"Approximate classification based on project/vendor/solution name; validate with portfolio owner."
archived,"Needs Review / Administrative Artifact","Unclassified / Non-project artifact",Low,"Approximate classification based on project/vendor/solution name; validate with portfolio owner."
"Arthrex - Synergy.Net","Surgery & Perioperative","OR / Procedural Services",Medium,"Approximate classification based on project/vendor/solution name; validate with portfolio owner."
"Articulate - Articulate360","Business, Workforce & Administrative","Corporate / Workforce / Administrative",Medium,"Approximate classification based on project/vendor/solution name; validate with portfolio owner."
"Atellica RMR","Needs Review / Administrative Artifact","Unclassified / Non-project artifact",Low,"Approximate classification based on project/vendor/solution name; validate with portfolio owner. Added from live catalog sync; no confident vendor/solution match."
AvaSure,"Clinical Care & Patient Monitoring","Bedside Care / Monitoring",Medium,"Approximate classification based on project/vendor/solution name; validate with portfolio owner."
Axiom,"Needs Review / Administrative Artifact","Unclassified / Non-project artifact",Low,"Approximate classification based on project/vendor/solution name; validate with portfolio owner. Added from live catalog sync; no confident vendor/solution match."
Axon,"Facilities, Physical Security & Communications","Facilities / Safety / Communications",Medium,"Approximate classification based on project/vendor/solution name; validate with portfolio owner."
Barco,"Imaging & Radiology","Enterprise Imaging / Radiology Workflow",Medium,"Approximate classification based on project/vendor/solution name; validate with portfolio owner."
Baxter,"Clinical Care & Patient Monitoring","Bedside Care / Monitoring",Medium,"Approximate classification based on project/vendor/solution name; validate with portfolio owner."
"BD Arctic Sun","Needs Review / Administrative Artifact","Unclassified / Non-project artifact",Low,"Approximate classification based on project/vendor/solution name; validate with portfolio owner. Added from live catalog sync; no confident vendor/solution match."
"BD Artic Sun Temp management","Clinical Care & Patient Monitoring","Bedside Care / Monitoring",Medium,"Approximate classification based on project/vendor/solution name; validate with portfolio owner."
"BD Codonics","Pharmacy & Medication Management","Medication Management",Medium,"Approximate classification based on project/vendor/solution name; validate with portfolio owner."
"BD Codonics SLS","Pharmacy & Medication Management","Medication Management",Medium,"Approximate classification based on project/vendor/solution name; validate with portfolio owner."
"BD Pyxis","Pharmacy & Medication Management","Medication Management",Medium,"Approximate classification based on project/vendor/solution name; validate with portfolio owner."
"Beckman Coulter Inc - DXI 600","Laboratory & Pathology","Clinical Laboratory / Anatomic Pathology",Medium,"Approximate classification based on project/vendor/solution name; validate with portfolio owner."
"Beckman Coulter Inc. - Biomek NGeniuS","Laboratory & Pathology","Clinical Laboratory / Anatomic Pathology",Medium,"Approximate classification based on project/vendor/solution name; validate with portfolio owner."
"BeckmanCoulter - Kaluza C","Laboratory & Pathology","Clinical Laboratory / Anatomic Pathology",Medium,"Approximate classification based on project/vendor/solution name; validate with portfolio owner."
"Becton Dickinson (BD) - SiteRite 9 Ultrasound System","Clinical Care & Patient Monitoring","Bedside Care / Monitoring",Medium,"Approximate classification based on project/vendor/solution name; validate with portfolio owner."
"Besler - Easy Work Papers","Health Information Management & Revenue Cycle","HIM / Coding / Revenue Integrity",Medium,"Approximate classification based on project/vendor/solution name; validate with portfolio owner."
"BeyondTrust EPM POC","Security, Identity & Compliance","Cybersecurity / IAM / Compliance",Medium,"Approximate classification based on project/vendor/solution name; validate with portfolio owner."
"BIO-RAD - UnityRealTime2","Laboratory & Pathology","Clinical Laboratory / Anatomic Pathology",Medium,"Approximate classification based on project/vendor/solution name; validate with portfolio owner."
"bioMerieux - Maestria","Laboratory & Pathology","Clinical Laboratory / Anatomic Pathology",Medium,"Approximate classification based on project/vendor/solution name; validate with portfolio owner."
"bioMerieux _FILMARRAY_TORCH","Laboratory & Pathology","Clinical Laboratory / Anatomic Pathology",Medium,"Approximate classification based on project/vendor/solution name; validate with portfolio owner."
"BK Medical_Specto","Imaging & Radiology","Enterprise Imaging / Radiology Workflow",Medium,"Approximate classification based on project/vendor/solution name; validate with portfolio owner."
"Blackthorn.io, Inc - Blackthorn.io","Business, Workforce & Administrative","Corporate / Workforce / Administrative",Medium,"Approximate classification based on project/vendor/solution name; validate with portfolio owner."
"Boston Scientific - Opal (cardiac electrophsiology mapping)",Cardiology,"Cardiovascular Services",Medium,"Approximate classification based on project/vendor/solution name; validate with portfolio owner."
"Boston Scientific - TEAC",Cardiology,"Cardiovascular Services",Medium,"Approximate classification based on project/vendor/solution name; validate with portfolio owner."
"BrainLab - Loop-X","Imaging & Radiology","Enterprise Imaging / Radiology Workflow",Medium,"Approximate classification based on project/vendor/solution name; validate with portfolio owner."
"Brainlab - Quentry for SRS","Laboratory & Pathology","Clinical Laboratory / Anatomic Pathology",Medium,"Approximate classification based on project/vendor/solution name; validate with portfolio owner."
"BrainLab - RT Element",Oncology,"Radiation / Medical Oncology",Medium,"Approximate classification based on project/vendor/solution name; validate with portfolio owner."
"Brainlab Quentry","Imaging & Radiology","Enterprise Imaging / Radiology Workflow",Medium,"Approximate classification based on project/vendor/solution name; validate with portfolio owner."
"Bridges Experience Inc - dba Bridges EXP","Business, Workforce & Administrative","Corporate / Workforce / Administrative",Medium,"Approximate classification based on project/vendor/solution name; validate with portfolio owner."
Cadwell,"Clinical Care & Patient Monitoring","Bedside Care / Monitoring",Medium,"Approximate classification based on project/vendor/solution name; validate with portfolio owner."
"CAE Learning","Research & Academic","Research / Education",Medium,"Approximate classification based on project/vendor/solution name; validate with portfolio owner."
"Calero - Telecom Expense Management","Business, Workforce & Administrative","Corporate / Workforce / Administrative",Medium,"Approximate classification based on project/vendor/solution name; validate with portfolio owner."
Capsule,"Clinical Care & Patient Monitoring","Bedside Care / Monitoring",Medium,"Approximate classification based on project/vendor/solution name; validate with portfolio owner."
"Capsule - Surveillance","Clinical Care & Patient Monitoring","Bedside Care / Monitoring",Medium,"Approximate classification based on project/vendor/solution name; validate with portfolio owner."
"Care Continuity","Digital Health & Consumer","Digital Front Door / Patient Engagement",Medium,"Approximate classification based on project/vendor/solution name; validate with portfolio owner."
"Care.ai - Smart Care Facility Platform","Clinical Care & Patient Monitoring","Bedside Care / Monitoring",Medium,"Approximate classification based on project/vendor/solution name; validate with portfolio owner."
"CareEvolution - MyDataHelps","Digital Health & Consumer","Digital Front Door / Patient Engagement",Medium,"Approximate classification based on project/vendor/solution name; validate with portfolio owner."
CareIntellect,"Enterprise Clinical Applications","Clinical Workflow",Medium,"Approximate classification based on project/vendor/solution name; validate with portfolio owner."
CarePoint,"Clinical Care & Patient Monitoring","Bedside Care / Monitoring",Medium,"Approximate classification based on project/vendor/solution name; validate with portfolio owner. Alternate plausible portfolio: Pharmacy & Medication Management."
"CarePoint 3 Upgrade","Clinical Care & Patient Monitoring","Bedside Care / Monitoring",Medium,"Approximate classification based on project/vendor/solution name; validate with portfolio owner."
CarePoint3,"Clinical Care & Patient Monitoring","Bedside Care / Monitoring",Medium,"Approximate classification based on project/vendor/solution name; validate with portfolio owner. Alternate plausible portfolio: Pharmacy & Medication Management."
"CartoNet and CartoConnect",Cardiology,"Cardiovascular Services",Medium,"Approximate classification based on project/vendor/solution name; validate with portfolio owner."
"CastleBranch - Bridges EXP","Business, Workforce & Administrative","Corporate / Workforce / Administrative",Medium,"Approximate classification based on project/vendor/solution name; validate with portfolio owner."
"CBORD Odyssey Direct","Needs Review / Administrative Artifact","Unclassified / Non-project artifact",Low,"Approximate classification based on project/vendor/solution name; validate with portfolio owner. Added from live catalog sync; no confident vendor/solution match."
"Ceribell - EEG","Clinical Care & Patient Monitoring","Bedside Care / Monitoring",Medium,"Approximate classification based on project/vendor/solution name; validate with portfolio owner."
"Cerner Bridge - Milk Management","Clinical Care & Patient Monitoring","Bedside Care / Monitoring",Medium,"Approximate classification based on project/vendor/solution name; validate with portfolio owner."
"Cigna OSCO Centra Care Partnership","Digital Health & Consumer","Digital Front Door / Patient Engagement",Medium,"Approximate classification based on project/vendor/solution name; validate with portfolio owner."
Cintas,"Facilities, Physical Security & Communications","Facilities / Safety / Communications",Medium,"Approximate classification based on project/vendor/solution name; validate with portfolio owner."
"Circle_Cadiovascular Imaging Inc. - cvi42","Imaging & Radiology","Enterprise Imaging / Radiology Workflow",Medium,"Approximate classification based on project/vendor/solution name; validate with portfolio owner."
Citrix,"Infrastructure, Cloud & Platform","Core Infrastructure / Platform",Medium,"Approximate classification based on project/vendor/solution name; validate with portfolio owner."
"Clean Hands","Needs Review / Administrative Artifact","Unclassified / Non-project artifact",Low,"Approximate classification based on project/vendor/solution name; validate with portfolio owner. Added from live catalog sync; no confident vendor/solution match."
"Clean Hands - Safe Hands","Clinical Care & Patient Monitoring","Bedside Care / Monitoring",Medium,"Approximate classification based on project/vendor/solution name; validate with portfolio owner."
Cloudgate,"Infrastructure, Cloud & Platform","Core Infrastructure / Platform",Medium,"Approximate classification based on project/vendor/solution name; validate with portfolio owner."
ClubEssential,"Business, Workforce & Administrative","Corporate / Workforce / Administrative",Medium,"Approximate classification based on project/vendor/solution name; validate with portfolio owner."
Commend,"Facilities, Physical Security & Communications","Facilities / Safety / Communications",Medium,"Approximate classification based on project/vendor/solution name; validate with portfolio owner."
"Commend Blue Light","Needs Review / Administrative Artifact","Unclassified / Non-project artifact",Low,"Approximate classification based on project/vendor/solution name; validate with portfolio owner. Added from live catalog sync; no confident vendor/solution match."
"Compass 2 Building Automation System","Facilities, Physical Security & Communications","Facilities / Safety / Communications",Medium,"Approximate classification based on project/vendor/solution name; validate with portfolio owner."
Compumedics,"Clinical Care & Patient Monitoring","Bedside Care / Monitoring",Medium,"Approximate classification based on project/vendor/solution name; validate with portfolio owner."
"Concert Health","Enterprise Clinical Applications","Clinical Workflow",Medium,"Approximate classification based on project/vendor/solution name; validate with portfolio owner."
Connexall,"Clinical Care & Patient Monitoring","Bedside Care / Monitoring",Medium,"Approximate classification based on project/vendor/solution name; validate with portfolio owner."
"Consolidated Supply Center Initiative","Business, Workforce & Administrative","Corporate / Workforce / Administrative",Medium,"Approximate classification based on project/vendor/solution name; validate with portfolio owner."
"ContrastConnect - Virtual Contrast Supervision Services","Imaging & Radiology","Enterprise Imaging / Radiology Workflow",Medium,"Approximate classification based on project/vendor/solution name; validate with portfolio owner."
"Copper Surgical - RI Viewer","Needs Review / Administrative Artifact","Unclassified / Non-project artifact",Low,"Approximate classification based on project/vendor/solution name; validate with portfolio owner. Added from live catalog sync; no confident vendor/solution match."
"Credit Union Strategy","Business, Workforce & Administrative","Corporate / Workforce / Administrative",Medium,"Approximate classification based on project/vendor/solution name; validate with portfolio owner."
"CRIO - CRIO eSource for AH TRI Study","Research & Academic","Research / Education",Medium,"Approximate classification based on project/vendor/solution name; validate with portfolio owner."
"Crystal Fina - DreamPath","Laboratory & Pathology","Clinical Laboratory / Anatomic Pathology",Medium,"Approximate classification based on project/vendor/solution name; validate with portfolio owner."
"CSC Projects","Needs Review / Administrative Artifact","Unclassified / Non-project artifact",Low,"Approximate classification based on project/vendor/solution name; validate with portfolio owner."
"Cycorp - Autonomous NICU Leveling","Clinical Care & Patient Monitoring","Bedside Care / Monitoring",Medium,"Approximate classification based on project/vendor/solution name; validate with portfolio owner."
DailyPay,"Business, Workforce & Administrative","Corporate / Workforce / Administrative",Medium,"Approximate classification based on project/vendor/solution name; validate with portfolio owner."
"Data Innovations","Laboratory & Pathology","Clinical Laboratory / Anatomic Pathology",Medium,"Approximate classification based on project/vendor/solution name; validate with portfolio owner."
"Data Innovations (VEC)","Needs Review / Administrative Artifact","Unclassified / Non-project artifact",Low,"Approximate classification based on project/vendor/solution name; validate with portfolio owner. Added from live catalog sync; no confident vendor/solution match."
"Datavant Connect","Health Information Management & Revenue Cycle","HIM / Coding / Revenue Integrity",Medium,"Approximate classification based on project/vendor/solution name; validate with portfolio owner."
"Davinci - Intuitive 3D Modeling for Urology","Surgery & Perioperative","OR / Procedural Services",Medium,"Approximate classification based on project/vendor/solution name; validate with portfolio owner."
"DaVinci - Intuitive Hub","Surgery & Perioperative","OR / Procedural Services",Medium,"Approximate classification based on project/vendor/solution name; validate with portfolio owner."
"DB Surgical - M530 ARveo 8 Evolved Surgical Microscope","Surgery & Perioperative","OR / Procedural Services",Medium,"Approximate classification based on project/vendor/solution name; validate with portfolio owner."
"Deployment Value Stream","Infrastructure, Cloud & Platform","Core Infrastructure / Platform",Medium,"Approximate classification based on project/vendor/solution name; validate with portfolio owner."
"DeRoyal Continuum","Needs Review / Administrative Artifact","Unclassified / Non-project artifact",Low,"Approximate classification based on project/vendor/solution name; validate with portfolio owner. Added from live catalog sync; no confident vendor/solution match."
"DeRoyal Continuum - VaultEx","Needs Review / Administrative Artifact","Unclassified / Non-project artifact",Low,"Approximate classification based on project/vendor/solution name; validate with portfolio owner. Added from live catalog sync; no confident vendor/solution match."
"Designs for Vision Inc - NanoCam","Business, Workforce & Administrative","Corporate / Workforce / Administrative",Medium,"Approximate classification based on project/vendor/solution name; validate with portfolio owner."
"DexCare - PDM and OmniSearch","Digital Health & Consumer","Digital Front Door / Patient Engagement",Medium,"Approximate classification based on project/vendor/solution name; validate with portfolio owner."
"Digital Diagnostics - LumineticsCore","Clinical Care & Patient Monitoring","Bedside Care / Monitoring",Medium,"Approximate classification based on project/vendor/solution name; validate with portfolio owner."
"Digital Expert Access","Digital Health & Consumer","Digital Front Door / Patient Engagement",Medium,"Approximate classification based on project/vendor/solution name; validate with portfolio owner."
"Digital Expert Connect","Digital Health & Consumer","Digital Front Door / Patient Engagement",Medium,"Approximate classification based on project/vendor/solution name; validate with portfolio owner."
"Digital Pathology - Sectra","Imaging & Radiology","Enterprise Imaging / Radiology Workflow",Medium,"Approximate classification based on project/vendor/solution name; validate with portfolio owner. Alternate plausible portfolio: Laboratory & Pathology."
"Discovery Optima RT (GE)","Imaging & Radiology","Enterprise Imaging / Radiology Workflow",Medium,"Approximate classification based on project/vendor/solution name; validate with portfolio owner."
DocPanel,"Imaging & Radiology","Enterprise Imaging / Radiology Workflow",Medium,"Approximate classification based on project/vendor/solution name; validate with portfolio owner."
DreamPath,"Laboratory & Pathology","Clinical Laboratory / Anatomic Pathology",Medium,"Approximate classification based on project/vendor/solution name; validate with portfolio owner."
eCART,"Clinical Care & Patient Monitoring","Bedside Care / Monitoring",Medium,"Approximate classification based on project/vendor/solution name; validate with portfolio owner."
"Eizo - RadiNet Pro","Imaging & Radiology","Enterprise Imaging / Radiology Workflow",Medium,"Approximate classification based on project/vendor/solution name; validate with portfolio owner."
"eKare inSight","Clinical Care & Patient Monitoring","Bedside Care / Monitoring",Medium,"Approximate classification based on project/vendor/solution name; validate with portfolio owner."
Elekta,Oncology,"Radiation / Medical Oncology",Medium,"Approximate classification based on project/vendor/solution name; validate with portfolio owner."
"Elevate (CAE) - Elevate Learning Space","Research & Academic","Research / Education",Medium,"Approximate classification based on project/vendor/solution name; validate with portfolio owner."
"Email Messages","Infrastructure, Cloud & Platform","Core Infrastructure / Platform",Medium,"Approximate classification based on project/vendor/solution name; validate with portfolio owner."
"EMCI Wireless - Medcom EMS Radio","Facilities, Physical Security & Communications","Facilities / Safety / Communications",Medium,"Approximate classification based on project/vendor/solution name; validate with portfolio owner."
"EMCI Wireless - Trunking Radio System and MEDCOM Console System","Facilities, Physical Security & Communications","Facilities / Safety / Communications",Medium,"Approximate classification based on project/vendor/solution name; validate with portfolio owner."
EndoManager,"Needs Review / Administrative Artifact","Unclassified / Non-project artifact",Low,"Approximate classification based on project/vendor/solution name; validate with portfolio owner. Added from live catalog sync; no confident vendor/solution match."
"Enovis MotionMD","Business, Workforce & Administrative","Corporate / Workforce / Administrative",Medium,"Approximate classification based on project/vendor/solution name; validate with portfolio owner."
"EP Evaluator",Cardiology,"Cardiovascular Services",Medium,"Approximate classification based on project/vendor/solution name; validate with portfolio owner."
"Epic - Community Connect","Enterprise Clinical Applications","Clinical Workflow",Medium,"Approximate classification based on project/vendor/solution name; validate with portfolio owner."
"Epiphany Upgrade",Cardiology,"Cardiovascular Services",Medium,"Approximate classification based on project/vendor/solution name; validate with portfolio owner."
"Epiphany-ELI Link",Cardiology,"Cardiovascular Services",Medium,"Approximate classification based on project/vendor/solution name; validate with portfolio owner."
ESO,"Enterprise Clinical Applications","Clinical Workflow",Medium,"Approximate classification based on project/vendor/solution name; validate with portfolio owner."
"EUROIMMUN (A PerkinElmer Company) - EUROPattern Microscope","Laboratory & Pathology","Clinical Laboratory / Anatomic Pathology",Medium,"Approximate classification based on project/vendor/solution name; validate with portfolio owner."
"EUROIMMUN (A PerkinElmer Company) - Sprinter XL","Laboratory & Pathology","Clinical Laboratory / Anatomic Pathology",Medium,"Approximate classification based on project/vendor/solution name; validate with portfolio owner."
"Extracorporeal Life Support Organization (ELSO) Registry","Research & Academic","Research / Education",Medium,"Approximate classification based on project/vendor/solution name; validate with portfolio owner."
"FAA Waggoner","Business, Workforce & Administrative","Corporate / Workforce / Administrative",Medium,"Approximate classification based on project/vendor/solution name; validate with portfolio owner."
"FibroScan Gateway","Enterprise Clinical Applications","Clinical Workflow",Medium,"Approximate classification based on project/vendor/solution name; validate with portfolio owner."
"Flamingo Crossing","Needs Review / Administrative Artifact","Unclassified / Non-project artifact",Low,"Approximate classification based on project/vendor/solution name; validate with portfolio owner. Added from live catalog sync; no confident vendor/solution match."
"Flight Vector","Needs Review / Administrative Artifact","Unclassified / Non-project artifact",Low,"Approximate classification based on project/vendor/solution name; validate with portfolio owner. Added from live catalog sync; no confident vendor/solution match."
FlightVector,"Business, Workforce & Administrative","Corporate / Workforce / Administrative",Medium,"Approximate classification based on project/vendor/solution name; validate with portfolio owner."
Flywheel,"Imaging & Radiology","Enterprise Imaging / Radiology Workflow",Medium,"Approximate classification based on project/vendor/solution name; validate with portfolio owner."
Flywheel-Flywheel,"Needs Review / Administrative Artifact","Unclassified / Non-project artifact",Low,"Approximate classification based on project/vendor/solution name; validate with portfolio owner. Added from live catalog sync; no confident vendor/solution match."
"FujiFilm Synapse 3D","Imaging & Radiology","Enterprise Imaging / Radiology Workflow",Medium,"Approximate classification based on project/vendor/solution name; validate with portfolio owner."
"GE - Omni Legend PET CT","Imaging & Radiology","Enterprise Imaging / Radiology Workflow",Medium,"Approximate classification based on project/vendor/solution name; validate with portfolio owner."
"GE - Portrait VSM (Vital Sign Monitor)","Clinical Care & Patient Monitoring","Bedside Care / Monitoring",Medium,"Approximate classification based on project/vendor/solution name; validate with portfolio owner."
"GE - PRAISE","Needs Review / Administrative Artifact","Unclassified / Non-project artifact",Low,"Approximate classification based on project/vendor/solution name; validate with portfolio owner. Added from live catalog sync; no confident vendor/solution match."
"GE - Smart Subscription","Needs Review / Administrative Artifact","Unclassified / Non-project artifact",Low,"Approximate classification based on project/vendor/solution name; validate with portfolio owner. Added from live catalog sync; no confident vendor/solution match."
"GE - Voluson Performance 18","Imaging & Radiology","Enterprise Imaging / Radiology Workflow",Medium,"Approximate classification based on project/vendor/solution name; validate with portfolio owner."
"GE Fetal Monitoring (CPN)","Clinical Care & Patient Monitoring","Bedside Care / Monitoring",Medium,"Approximate classification based on project/vendor/solution name; validate with portfolio owner."
"GE Healthcare - Aisys CS2 Anesthesia Machine","Surgery & Perioperative","OR / Procedural Services",Medium,"Approximate classification based on project/vendor/solution name; validate with portfolio owner."
"GE Healthcare - MIM","Imaging & Radiology","Enterprise Imaging / Radiology Workflow",Medium,"Approximate classification based on project/vendor/solution name; validate with portfolio owner."
"GE Healthcare - MV PRAISE","Imaging & Radiology","Enterprise Imaging / Radiology Workflow",Medium,"Approximate classification based on project/vendor/solution name; validate with portfolio owner."
"GE Healthcare - Revolution Ascend CT","Imaging & Radiology","Enterprise Imaging / Radiology Workflow",Medium,"Approximate classification based on project/vendor/solution name; validate with portfolio owner."
"GE Healthcare MyoSPECT and Xeleris","Imaging & Radiology","Enterprise Imaging / Radiology Workflow",Medium,"Approximate classification based on project/vendor/solution name; validate with portfolio owner."
"GE Heathcare - Medconnect Integrate","Needs Review / Administrative Artifact","Unclassified / Non-project artifact",Low,"Approximate classification based on project/vendor/solution name; validate with portfolio owner. Added from live catalog sync; no confident vendor/solution match."
"GE MacLab",Cardiology,"Cardiovascular Services",Medium,"Approximate classification based on project/vendor/solution name; validate with portfolio owner."
"GE MedConnect","Clinical Care & Patient Monitoring","Bedside Care / Monitoring",Medium,"Approximate classification based on project/vendor/solution name; validate with portfolio owner."
"GE Multivendor Gateway","Imaging & Radiology","Enterprise Imaging / Radiology Workflow",Medium,"Approximate classification based on project/vendor/solution name; validate with portfolio owner."
"GE Nuvolo CMMS","Facilities, Physical Security & Communications","Facilities / Safety / Communications",Medium,"Approximate classification based on project/vendor/solution name; validate with portfolio owner."
"GE Protrait Vital Sign Monitor","Clinical Care & Patient Monitoring","Bedside Care / Monitoring",Medium,"Approximate classification based on project/vendor/solution name; validate with portfolio owner."
"GE Viewpoint","Needs Review / Administrative Artifact","Unclassified / Non-project artifact",Low,"Approximate classification based on project/vendor/solution name; validate with portfolio owner. Added from live catalog sync; no confident vendor/solution match."
GEMweb,"Data & Analytics","BI / Analytics / Data",Medium,"Approximate classification based on project/vendor/solution name; validate with portfolio owner."
Genetec,"Facilities, Physical Security & Communications","Facilities / Safety / Communications",Medium,"Approximate classification based on project/vendor/solution name; validate with portfolio owner."
Genexus,"Data & Analytics","BI / Analytics / Data",Medium,"Approximate classification based on project/vendor/solution name; validate with portfolio owner."
GTC,"Needs Review / Administrative Artifact","Unclassified / Non-project artifact",Low,"Approximate classification based on project/vendor/solution name; validate with portfolio owner."
"Haemonetics - TEG","Clinical Care & Patient Monitoring","Bedside Care / Monitoring",Medium,"Approximate classification based on project/vendor/solution name; validate with portfolio owner."
"Haemonetics BloodTrack","Clinical Care & Patient Monitoring","Bedside Care / Monitoring",Medium,"Approximate classification based on project/vendor/solution name; validate with portfolio owner."
HatchMed,"Enterprise Clinical Applications","Clinical Workflow",Medium,"Approximate classification based on project/vendor/solution name; validate with portfolio owner."
HealthLeap,"Enterprise Clinical Applications","Clinical Workflow",Medium,"Approximate classification based on project/vendor/solution name; validate with portfolio owner."
Hellocare,"Clinical Care & Patient Monitoring","Bedside Care / Monitoring",Medium,"Approximate classification based on project/vendor/solution name; validate with portfolio owner."
"HID TRISM","Security, Identity & Compliance","Cybersecurity / IAM / Compliance",Medium,"Approximate classification based on project/vendor/solution name; validate with portfolio owner."
Histosonics,"Needs Review / Administrative Artifact","Unclassified / Non-project artifact",Low,"Approximate classification based on project/vendor/solution name; validate with portfolio owner. Added from live catalog sync; no confident vendor/solution match."
Hologic,"Imaging & Radiology","Enterprise Imaging / Radiology Workflow",Medium,"Approximate classification based on project/vendor/solution name; validate with portfolio owner."
Hyland,"Health Information Management & Revenue Cycle","HIM / Coding / Revenue Integrity",Medium,"Approximate classification based on project/vendor/solution name; validate with portfolio owner."
"Hyperfine - Swoop Systems","Imaging & Radiology","Enterprise Imaging / Radiology Workflow",Medium,"Approximate classification based on project/vendor/solution name; validate with portfolio owner."
"IBM Merge Hemo - Glen Oaks",Cardiology,"Cardiovascular Services",Medium,"Approximate classification based on project/vendor/solution name; validate with portfolio owner."
icoMetrix,"Imaging & Radiology","Enterprise Imaging / Radiology Workflow",Medium,"Approximate classification based on project/vendor/solution name; validate with portfolio owner."
"ICU Medical - Lifeshield & Plum Pump","Clinical Care & Patient Monitoring","Bedside Care / Monitoring",Medium,"Approximate classification based on project/vendor/solution name; validate with portfolio owner."
"ICU Medical - LifeShield and Plum Pump","Needs Review / Administrative Artifact","Unclassified / Non-project artifact",Low,"Approximate classification based on project/vendor/solution name; validate with portfolio owner. Added from live catalog sync; no confident vendor/solution match."
"ICU Medical Plum LifeShield","Clinical Care & Patient Monitoring","Bedside Care / Monitoring",Medium,"Approximate classification based on project/vendor/solution name; validate with portfolio owner."
"iKnowMed Gen2 Listener",Oncology,"Radiation / Medical Oncology",Medium,"Approximate classification based on project/vendor/solution name; validate with portfolio owner."
"Illumina - MiSeq i100","Laboratory & Pathology","Clinical Laboratory / Anatomic Pathology",Medium,"Approximate classification based on project/vendor/solution name; validate with portfolio owner."
"Illumina ICA & ICI","Laboratory & Pathology","Clinical Laboratory / Anatomic Pathology",Medium,"Approximate classification based on project/vendor/solution name; validate with portfolio owner."
"Image Protocol Manager","Imaging & Radiology","Enterprise Imaging / Radiology Workflow",Medium,"Approximate classification based on project/vendor/solution name; validate with portfolio owner."
ImageTrend,"Needs Review / Administrative Artifact","Unclassified / Non-project artifact",Low,"Approximate classification based on project/vendor/solution name; validate with portfolio owner. Added from live catalog sync; no confident vendor/solution match."
"Imalogix - Imalogix Platform","Imaging & Radiology","Enterprise Imaging / Radiology Workflow",Medium,"Approximate classification based on project/vendor/solution name; validate with portfolio owner."
"iMLR_iCare Intelligence (care gap closure platform)","Digital Health & Consumer","Digital Front Door / Patient Engagement",Medium,"Approximate classification based on project/vendor/solution name; validate with portfolio owner."
Immulink,"Laboratory & Pathology","Clinical Laboratory / Anatomic Pathology",Medium,"Approximate classification based on project/vendor/solution name; validate with portfolio owner."
"Indica - HaloAP","Laboratory & Pathology","Clinical Laboratory / Anatomic Pathology",Medium,"Approximate classification based on project/vendor/solution name; validate with portfolio owner."
"InfoSec - Policies","Needs Review / Administrative Artifact","Unclassified / Non-project artifact",Low,"Approximate classification based on project/vendor/solution name; validate with portfolio owner. Added from live catalog sync; no confident vendor/solution match."
inHEART,Cardiology,"Cardiovascular Services",Medium,"Approximate classification based on project/vendor/solution name; validate with portfolio owner."
"Insightec Inc - ExAblate Neuro magnetic resonance image-guided focused ultrasound (MRgFUS) system","Imaging & Radiology","Enterprise Imaging / Radiology Workflow",Medium,"Approximate classification based on project/vendor/solution name; validate with portfolio owner."
"Intelerad - InteleOrchestrator (Clario-SmartWorklist)","Imaging & Radiology","Enterprise Imaging / Radiology Workflow",Medium,"Approximate classification based on project/vendor/solution name; validate with portfolio owner."
"Intersystems - Intergration Engine","Infrastructure, Cloud & Platform","Core Infrastructure / Platform",Medium,"Approximate classification based on project/vendor/solution name; validate with portfolio owner."
"Intersystems Health Connect (VEC)","Needs Review / Administrative Artifact","Unclassified / Non-project artifact",Low,"Approximate classification based on project/vendor/solution name; validate with portfolio owner. Added from live catalog sync; no confident vendor/solution match."
"Intuitive Hub","Surgery & Perioperative","OR / Procedural Services",Medium,"Approximate classification based on project/vendor/solution name; validate with portfolio owner."
"inVita - iRefferal","Needs Review / Administrative Artifact","Unclassified / Non-project artifact",Low,"Approximate classification based on project/vendor/solution name; validate with portfolio owner. Added from live catalog sync; no confident vendor/solution match."
"inVita - NRTR","Needs Review / Administrative Artifact","Unclassified / Non-project artifact",Low,"Approximate classification based on project/vendor/solution name; validate with portfolio owner. Added from live catalog sync; no confident vendor/solution match."
iReferral,"Needs Review / Administrative Artifact","Unclassified / Non-project artifact",Low,"Approximate classification based on project/vendor/solution name; validate with portfolio owner. Added from live catalog sync; no confident vendor/solution match."
iSynergy,"Surgery & Perioperative","OR / Procedural Services",Medium,"Approximate classification based on project/vendor/solution name; validate with portfolio owner."
J&J_Acclarent,"Surgery & Perioperative","OR / Procedural Services",Medium,"Approximate classification based on project/vendor/solution name; validate with portfolio owner."
"Jaco - GCX upgrade Project","Needs Review / Administrative Artifact","Unclassified / Non-project artifact",Low,"Approximate classification based on project/vendor/solution name; validate with portfolio owner. Added from live catalog sync; no confident vendor/solution match."
"Jaeger SentrySuite","Needs Review / Administrative Artifact","Unclassified / Non-project artifact",Low,"Approximate classification based on project/vendor/solution name; validate with portfolio owner. Added from live catalog sync; no confident vendor/solution match."
"Johnson and Johnson - Polyphonic Platform","Infrastructure, Cloud & Platform","Core Infrastructure / Platform",Medium,"Approximate classification based on project/vendor/solution name; validate with portfolio owner."
"Johnson Controls (JCI)","Needs Review / Administrative Artifact","Unclassified / Non-project artifact",Low,"Approximate classification based on project/vendor/solution name; validate with portfolio owner. Added from live catalog sync; no confident vendor/solution match."
"Johnson Controls International","Facilities, Physical Security & Communications","Facilities / Safety / Communications",Medium,"Approximate classification based on project/vendor/solution name; validate with portfolio owner."
Jolt,"Business, Workforce & Administrative","Corporate / Workforce / Administrative",Medium,"Approximate classification based on project/vendor/solution name; validate with portfolio owner."
"Jupiter Systems - Catalyst","Business, Workforce & Administrative","Corporate / Workforce / Administrative",Medium,"Approximate classification based on project/vendor/solution name; validate with portfolio owner."
"KeyCentrix NewLeaf","Pharmacy & Medication Management","Medication Management",Medium,"Approximate classification based on project/vendor/solution name; validate with portfolio owner."
"Kirsha LLC","Business, Workforce & Administrative","Corporate / Workforce / Administrative",Medium,"Approximate classification based on project/vendor/solution name; validate with portfolio owner."
"Kodiak RCA Next","Data & Analytics","BI / Analytics / Data",Medium,"Approximate classification based on project/vendor/solution name; validate with portfolio owner."
"KONZA - KHIN","Enterprise Clinical Applications","Clinical Workflow",Medium,"Approximate classification based on project/vendor/solution name; validate with portfolio owner."
"Label Printing Solution - LPS","Business, Workforce & Administrative","Corporate / Workforce / Administrative",Medium,"Approximate classification based on project/vendor/solution name; validate with portfolio owner."
LabVantage,"Laboratory & Pathology","Clinical Laboratory / Anatomic Pathology",Medium,"Approximate classification based on project/vendor/solution name; validate with portfolio owner."
"Laerdal LLEAP","Clinical Care & Patient Monitoring","Bedside Care / Monitoring",Medium,"Approximate classification based on project/vendor/solution name; validate with portfolio owner."
"Leica - Digital Pathology","Laboratory & Pathology","Clinical Laboratory / Anatomic Pathology",Medium,"Approximate classification based on project/vendor/solution name; validate with portfolio owner."
Lenel_Milestone,"Facilities, Physical Security & Communications","Facilities / Safety / Communications",Medium,"Approximate classification based on project/vendor/solution name; validate with portfolio owner."
"LenelS2 OnGuard - THH","Facilities, Physical Security & Communications","Facilities / Safety / Communications",Medium,"Approximate classification based on project/vendor/solution name; validate with portfolio owner."
"Life Systems International LSI -  Cardio ECG Telemetry System",Cardiology,"Cardiovascular Services",Medium,"Approximate classification based on project/vendor/solution name; validate with portfolio owner."
Lightbeam,"Needs Review / Administrative Artifact","Unclassified / Non-project artifact",Low,"Approximate classification based on project/vendor/solution name; validate with portfolio owner. Added from live catalog sync; no confident vendor/solution match."
"Linus Health","Clinical Care & Patient Monitoring","Bedside Care / Monitoring",Medium,"Approximate classification based on project/vendor/solution name; validate with portfolio owner."
"LivaNova Perfusion - Epic Integration",Cardiology,"Cardiovascular Services",Medium,"Approximate classification based on project/vendor/solution name; validate with portfolio owner."
"LogTag Online","ERP and Enterprise Business Systems","ERP and Enterprise Business Systems",High,"Approximate classification based on project/vendor/solution name; validate with portfolio owner. Added from live catalog sync; no confident vendor/solution match."
"Luma Vision - VERAFEYE imaging & Guidance System","Surgery & Perioperative","OR / Procedural Services",Medium,"Approximate classification based on project/vendor/solution name; validate with portfolio owner."
LumineticsCore,"Clinical Care & Patient Monitoring","Bedside Care / Monitoring",Medium,"Approximate classification based on project/vendor/solution name; validate with portfolio owner."
"Lunit Insight","Imaging & Radiology","Enterprise Imaging / Radiology Workflow",Medium,"Approximate classification based on project/vendor/solution name; validate with portfolio owner."
Lutech,"Clinical Care & Patient Monitoring","Bedside Care / Monitoring",Medium,"Approximate classification based on project/vendor/solution name; validate with portfolio owner."
"Mayo Collaborative Services, Inc - MayoAccess","Laboratory & Pathology","Clinical Laboratory / Anatomic Pathology",Medium,"Approximate classification based on project/vendor/solution name; validate with portfolio owner."
MD-Stat,"Clinical Care & Patient Monitoring","Bedside Care / Monitoring",Medium,"Approximate classification based on project/vendor/solution name; validate with portfolio owner."
MedServe,"Needs Review / Administrative Artifact","Unclassified / Non-project artifact",Low,"Approximate classification based on project/vendor/solution name; validate with portfolio owner. Added from live catalog sync; no confident vendor/solution match."
"Medtox-MEDTOXScan Reader and System","Laboratory & Pathology","Clinical Laboratory / Anatomic Pathology",Medium,"Approximate classification based on project/vendor/solution name; validate with portfolio owner."
Medtronic,"Clinical Care & Patient Monitoring","Bedside Care / Monitoring",Medium,"Approximate classification based on project/vendor/solution name; validate with portfolio owner."
"Medtronic PillCam Genius and Cloud Reader","Clinical Care & Patient Monitoring","Bedside Care / Monitoring",Medium,"Approximate classification based on project/vendor/solution name; validate with portfolio owner."
"Merge Hemo",Cardiology,"Cardiovascular Services",Medium,"Approximate classification based on project/vendor/solution name; validate with portfolio owner."
"Meridian - BreathID","Laboratory & Pathology","Clinical Laboratory / Anatomic Pathology",Medium,"Approximate classification based on project/vendor/solution name; validate with portfolio owner."
"Meridian - Curian Instrument","Laboratory & Pathology","Clinical Laboratory / Anatomic Pathology",Medium,"Approximate classification based on project/vendor/solution name; validate with portfolio owner."
"Mersive Solstice","Business, Workforce & Administrative","Corporate / Workforce / Administrative",Medium,"Approximate classification based on project/vendor/solution name; validate with portfolio owner."
Midmark,"Clinical Care & Patient Monitoring","Bedside Care / Monitoring",Medium,"Approximate classification based on project/vendor/solution name; validate with portfolio owner."
Milestone,"Facilities, Physical Security & Communications","Facilities / Safety / Communications",Medium,"Approximate classification based on project/vendor/solution name; validate with portfolio owner."
Mindray,"Clinical Care & Patient Monitoring","Bedside Care / Monitoring",Medium,"Approximate classification based on project/vendor/solution name; validate with portfolio owner."
"Mindray - Resona 7 Ultrasound","Imaging & Radiology","Enterprise Imaging / Radiology Workflow",Medium,"Approximate classification based on project/vendor/solution name; validate with portfolio owner."
Modlink,"Imaging & Radiology","Enterprise Imaging / Radiology Workflow",Medium,"Approximate classification based on project/vendor/solution name; validate with portfolio owner."
Monaco,Oncology,"Radiation / Medical Oncology",Medium,"Approximate classification based on project/vendor/solution name; validate with portfolio owner."
Mosiac,Oncology,"Radiation / Medical Oncology",Medium,"Approximate classification based on project/vendor/solution name; validate with portfolio owner."
"mTilda Upgrade","Health Information Management & Revenue Cycle","HIM / Coding / Revenue Integrity",Medium,"Approximate classification based on project/vendor/solution name; validate with portfolio owner."
Murj,Cardiology,"Cardiovascular Services",Medium,"Approximate classification based on project/vendor/solution name; validate with portfolio owner."
MYLA,"Laboratory & Pathology","Clinical Laboratory / Anatomic Pathology",Medium,"Approximate classification based on project/vendor/solution name; validate with portfolio owner."
"Natus EEG Sleepworks","Clinical Care & Patient Monitoring","Bedside Care / Monitoring",Medium,"Approximate classification based on project/vendor/solution name; validate with portfolio owner."
"Natus NeuroWorks and SleepWorks","Needs Review / Administrative Artifact","Unclassified / Non-project artifact",Low,"Approximate classification based on project/vendor/solution name; validate with portfolio owner. Added from live catalog sync; no confident vendor/solution match."
"Naviswiss - Naviswiss System","Surgery & Perioperative","OR / Procedural Services",Medium,"Approximate classification based on project/vendor/solution name; validate with portfolio owner."
"ndd Medical - EasyOne Air Spirometry","Clinical Care & Patient Monitoring","Bedside Care / Monitoring",Medium,"Approximate classification based on project/vendor/solution name; validate with portfolio owner."
Neogen,"Needs Review / Administrative Artifact","Unclassified / Non-project artifact",Low,"Approximate classification based on project/vendor/solution name; validate with portfolio owner. Added from live catalog sync; no confident vendor/solution match."
"NeoGenomics & FCS Express",Oncology,"Radiation / Medical Oncology",Medium,"Approximate classification based on project/vendor/solution name; validate with portfolio owner."
"NeoGenomics - 3m Clean-Trace ATP Monitoring System","Laboratory & Pathology","Clinical Laboratory / Anatomic Pathology",Medium,"Approximate classification based on project/vendor/solution name; validate with portfolio owner."
"NeoGenomics And FCS Express","Laboratory & Pathology","Clinical Laboratory / Anatomic Pathology",Medium,"Approximate classification based on project/vendor/solution name; validate with portfolio owner."
"NewCura - Endomanager","Surgery & Perioperative","OR / Procedural Services",Medium,"Approximate classification based on project/vendor/solution name; validate with portfolio owner."
"NIH - dbGaP","Research & Academic","Research / Education",Medium,"Approximate classification based on project/vendor/solution name; validate with portfolio owner."
"Nihon Koden - Transport NKV330, Trolley Accessories","Clinical Care & Patient Monitoring","Bedside Care / Monitoring",Medium,"Approximate classification based on project/vendor/solution name; validate with portfolio owner."
"NMIS EC2","Infrastructure, Cloud & Platform","Core Infrastructure / Platform",Medium,"Approximate classification based on project/vendor/solution name; validate with portfolio owner."
NordicMediva,"Needs Review / Administrative Artifact","Unclassified / Non-project artifact",Low,"Approximate classification based on project/vendor/solution name; validate with portfolio owner. Added from live catalog sync; no confident vendor/solution match."
"Nova biomedical - Novanet","Laboratory & Pathology","Clinical Laboratory / Anatomic Pathology",Medium,"Approximate classification based on project/vendor/solution name; validate with portfolio owner."
"NQS - National Quality Systems","Enterprise Clinical Applications","Clinical Workflow",Medium,"Approximate classification based on project/vendor/solution name; validate with portfolio owner."
"NRAA CrownWeb Activator Server","Enterprise Clinical Applications","Clinical Workflow",Medium,"Approximate classification based on project/vendor/solution name; validate with portfolio owner."
"NT-Ware - UniFlow","Infrastructure, Cloud & Platform","Core Infrastructure / Platform",Medium,"Approximate classification based on project/vendor/solution name; validate with portfolio owner."
"Nuance Communications","Health Information Management & Revenue Cycle","HIM / Coding / Revenue Integrity",Medium,"Approximate classification based on project/vendor/solution name; validate with portfolio owner."
"Nuance Epic Notereader","Health Information Management & Revenue Cycle","HIM / Coding / Revenue Integrity",Medium,"Approximate classification based on project/vendor/solution name; validate with portfolio owner."
"Nuance PowerScribe","Imaging & Radiology","Enterprise Imaging / Radiology Workflow",Medium,"Approximate classification based on project/vendor/solution name; validate with portfolio owner."
Octogos,"Needs Review / Administrative Artifact","Unclassified / Non-project artifact",Low,"Approximate classification based on project/vendor/solution name; validate with portfolio owner."
"OLD do not use Parata Pharmacy Automation","Pharmacy & Medication Management","Medication Management",Medium,"Approximate classification based on project/vendor/solution name; validate with portfolio owner."
"Olympus Corporation of the Americas - Caddie (Odin Vision)","Surgery & Perioperative","OR / Procedural Services",Medium,"Approximate classification based on project/vendor/solution name; validate with portfolio owner."
"Olympus Corporation of the Americas, Inc - nCare","Surgery & Perioperative","OR / Procedural Services",Medium,"Approximate classification based on project/vendor/solution name; validate with portfolio owner."
"Olympus Corporation of the Americas, Inc - Vaultstream","Surgery & Perioperative","OR / Procedural Services",Medium,"Approximate classification based on project/vendor/solution name; validate with portfolio owner."
"Olympus Unifia","Surgery & Perioperative","OR / Procedural Services",Medium,"Approximate classification based on project/vendor/solution name; validate with portfolio owner."
Omatic,"Business, Workforce & Administrative","Corporate / Workforce / Administrative",Medium,"Approximate classification based on project/vendor/solution name; validate with portfolio owner."
"Omega Medical AI E-VIEW","Needs Review / Administrative Artifact","Unclassified / Non-project artifact",Low,"Approximate classification based on project/vendor/solution name; validate with portfolio owner. Added from live catalog sync; no confident vendor/solution match."
"Omnigo Software, LLC","Facilities, Physical Security & Communications","Facilities / Safety / Communications",Medium,"Approximate classification based on project/vendor/solution name; validate with portfolio owner."
OmniGuard,"Security, Identity & Compliance","Cybersecurity / IAM / Compliance",Medium,"Approximate classification based on project/vendor/solution name; validate with portfolio owner."
"OnBase (VEC)","Needs Review / Administrative Artifact","Unclassified / Non-project artifact",Low,"Approximate classification based on project/vendor/solution name; validate with portfolio owner. Added from live catalog sync; no confident vendor/solution match."
"Optum Assurance","Needs Review / Administrative Artifact","Unclassified / Non-project artifact",Low,"Approximate classification based on project/vendor/solution name; validate with portfolio owner. Added from live catalog sync; no confident vendor/solution match."
"Optum Claims Manager","Health Information Management & Revenue Cycle","HIM / Coding / Revenue Integrity",Medium,"Approximate classification based on project/vendor/solution name; validate with portfolio owner."
"Optum eCAC","Health Information Management & Revenue Cycle","HIM / Coding / Revenue Integrity",Medium,"Approximate classification based on project/vendor/solution name; validate with portfolio owner."
"Optum Integrity One","Health Information Management & Revenue Cycle","HIM / Coding / Revenue Integrity",Medium,"Approximate classification based on project/vendor/solution name; validate with portfolio owner."
"Orthogrid AI","Needs Review / Administrative Artifact","Unclassified / Non-project artifact",Low,"Approximate classification based on project/vendor/solution name; validate with portfolio owner. Added from live catalog sync; no confident vendor/solution match."
"Ospitek Inc - View by Ospitek","Surgery & Perioperative","OR / Procedural Services",Medium,"Approximate classification based on project/vendor/solution name; validate with portfolio owner."
"Outset - Tablo","Clinical Care & Patient Monitoring","Bedside Care / Monitoring",Medium,"Approximate classification based on project/vendor/solution name; validate with portfolio owner."
"Oxford Nanopore Technologies Inc - ElysION","Laboratory & Pathology","Clinical Laboratory / Anatomic Pathology",Medium,"Approximate classification based on project/vendor/solution name; validate with portfolio owner."
"OZ Nani","Needs Review / Administrative Artifact","Unclassified / Non-project artifact",Low,"Approximate classification based on project/vendor/solution name; validate with portfolio owner."
PaceMate,Cardiology,"Cardiovascular Services",Medium,"Approximate classification based on project/vendor/solution name; validate with portfolio owner."
"Paige AI Platform","Imaging & Radiology","Enterprise Imaging / Radiology Workflow",Medium,"Approximate classification based on project/vendor/solution name; validate with portfolio owner."
Pak-EDGE,"Infrastructure, Cloud & Platform","Core Infrastructure / Platform",Medium,"Approximate classification based on project/vendor/solution name; validate with portfolio owner."
"Parachute Health","Digital Health & Consumer","Digital Front Door / Patient Engagement",Medium,"Approximate classification based on project/vendor/solution name; validate with portfolio owner."
Parata,"Needs Review / Administrative Artifact","Unclassified / Non-project artifact",Low,"Approximate classification based on project/vendor/solution name; validate with portfolio owner. Added from live catalog sync; no confident vendor/solution match."
"Parchment Data Automation","Health Information Management & Revenue Cycle","HIM / Coding / Revenue Integrity",Medium,"Approximate classification based on project/vendor/solution name; validate with portfolio owner."
"ParkourSC - ParkourSC","Business, Workforce & Administrative","Corporate / Workforce / Administrative",Medium,"Approximate classification based on project/vendor/solution name; validate with portfolio owner."
"Patch My PC","Security, Identity & Compliance","Cybersecurity / IAM / Compliance",Medium,"Approximate classification based on project/vendor/solution name; validate with portfolio owner."
PatientPoint,"Digital Health & Consumer","Digital Front Door / Patient Engagement",Medium,"Approximate classification based on project/vendor/solution name; validate with portfolio owner."
"PeriGen - PeriWatch Vigilance","Needs Review / Administrative Artifact","Unclassified / Non-project artifact",Low,"Approximate classification based on project/vendor/solution name; validate with portfolio owner. Added from live catalog sync; no confident vendor/solution match."
PeritasAI,"Needs Review / Administrative Artifact","Unclassified / Non-project artifact",Low,"Approximate classification based on project/vendor/solution name; validate with portfolio owner. Added from live catalog sync; no confident vendor/solution match."
PeriWatch,"Clinical Care & Patient Monitoring","Bedside Care / Monitoring",Medium,"Approximate classification based on project/vendor/solution name; validate with portfolio owner."
"PEVCO Atlas","Facilities, Physical Security & Communications","Facilities / Safety / Communications",Medium,"Approximate classification based on project/vendor/solution name; validate with portfolio owner."
"Pevco Pneumatic Tube system","Needs Review / Administrative Artifact","Unclassified / Non-project artifact",Low,"Approximate classification based on project/vendor/solution name; validate with portfolio owner. Added from live catalog sync; no confident vendor/solution match."
PharmGuard,"Pharmacy & Medication Management","Medication Management",Medium,"Approximate classification based on project/vendor/solution name; validate with portfolio owner."
"Pharos Lighting Playback Controller","Facilities, Physical Security & Communications","Facilities / Safety / Communications",Medium,"Approximate classification based on project/vendor/solution name; validate with portfolio owner."
"Philips - DynaCad 5 Urology","Imaging & Radiology","Enterprise Imaging / Radiology Workflow",Medium,"Approximate classification based on project/vendor/solution name; validate with portfolio owner."
"Philips - IntraSight",Cardiology,"Cardiovascular Services",Medium,"Approximate classification based on project/vendor/solution name; validate with portfolio owner."
"Philips - iQon","Imaging & Radiology","Enterprise Imaging / Radiology Workflow",Medium,"Approximate classification based on project/vendor/solution name; validate with portfolio owner."
"Philips Capsule","Clinical Care & Patient Monitoring","Bedside Care / Monitoring",Medium,"Approximate classification based on project/vendor/solution name; validate with portfolio owner."
"Philips Capsule (VEC)","Clinical Care & Patient Monitoring","Bedside Care / Monitoring",Medium,"Approximate classification based on project/vendor/solution name; validate with portfolio owner."
"Philips IBE","Needs Review / Administrative Artifact","Unclassified / Non-project artifact",Low,"Approximate classification based on project/vendor/solution name; validate with portfolio owner. Added from live catalog sync; no confident vendor/solution match."
"Philips-Telemetry Patient Monitoring","Clinical Care & Patient Monitoring","Bedside Care / Monitoring",Medium,"Approximate classification based on project/vendor/solution name; validate with portfolio owner."
"Phillips IBE","Clinical Care & Patient Monitoring","Bedside Care / Monitoring",Medium,"Approximate classification based on project/vendor/solution name; validate with portfolio owner."
"Phillips PIC iX","Clinical Care & Patient Monitoring","Bedside Care / Monitoring",Medium,"Approximate classification based on project/vendor/solution name; validate with portfolio owner."
"Phoenix - AIMS 3 CMMS","Facilities, Physical Security & Communications","Facilities / Safety / Communications",Medium,"Approximate classification based on project/vendor/solution name; validate with portfolio owner."
"Phoenix - AIMS3","Needs Review / Administrative Artifact","Unclassified / Non-project artifact",Low,"Approximate classification based on project/vendor/solution name; validate with portfolio owner. Added from live catalog sync; no confident vendor/solution match."
Phreesia,"Digital Health & Consumer","Digital Front Door / Patient Engagement",Medium,"Approximate classification based on project/vendor/solution name; validate with portfolio owner."
"Physician Systems","Health Information Management & Revenue Cycle","HIM / Coding / Revenue Integrity",Medium,"Approximate classification based on project/vendor/solution name; validate with portfolio owner."
"Pillar Biosciences - PiVAT","Laboratory & Pathology","Clinical Laboratory / Anatomic Pathology",Medium,"Approximate classification based on project/vendor/solution name; validate with portfolio owner."
PointClickCare,"Needs Review / Administrative Artifact","Unclassified / Non-project artifact",Low,"Approximate classification based on project/vendor/solution name; validate with portfolio owner. Added from live catalog sync; no confident vendor/solution match."
PreciseMDX,"Needs Review / Administrative Artifact","Unclassified / Non-project artifact",Low,"Approximate classification based on project/vendor/solution name; validate with portfolio owner. Added from live catalog sync; no confident vendor/solution match."
Preventice,Cardiology,"Cardiovascular Services",Medium,"Approximate classification based on project/vendor/solution name; validate with portfolio owner."
"Prismax - Vantive Healthcare US LLC","Clinical Care & Patient Monitoring","Bedside Care / Monitoring",Medium,"Approximate classification based on project/vendor/solution name; validate with portfolio owner."
"Procept Biorobotics - Procept Aquabeam","Surgery & Perioperative","OR / Procedural Services",Medium,"Approximate classification based on project/vendor/solution name; validate with portfolio owner."
"Progress Software - ECS Connection Manager (ECM)","Infrastructure, Cloud & Platform","Core Infrastructure / Platform",Medium,"Approximate classification based on project/vendor/solution name; validate with portfolio owner."
"Project CoolGuy","Needs Review / Administrative Artifact","Unclassified / Non-project artifact",Low,"Approximate classification based on project/vendor/solution name; validate with portfolio owner."
Project-inventory-2.txt,"Needs Review / Administrative Artifact","Unclassified / Non-project artifact",Low,"Approximate classification based on project/vendor/solution name; validate with portfolio owner."
project-inventory.txt,"Needs Review / Administrative Artifact","Unclassified / Non-project artifact",Low,"Approximate classification based on project/vendor/solution name; validate with portfolio owner."
"Projects agent.agent","Needs Review / Administrative Artifact","Unclassified / Non-project artifact",Low,"Approximate classification based on project/vendor/solution name; validate with portfolio owner."
"Proofpoint - Email Security","Security, Identity & Compliance","Cybersecurity / IAM / Compliance",Medium,"Approximate classification based on project/vendor/solution name; validate with portfolio owner."
"Protenus_Privacy Patient Monitoring","Security, Identity & Compliance","Cybersecurity / IAM / Compliance",Medium,"Approximate classification based on project/vendor/solution name; validate with portfolio owner."
"Provation Flex Sig Video","Surgery & Perioperative","OR / Procedural Services",Medium,"Approximate classification based on project/vendor/solution name; validate with portfolio owner."
Proximie,"Surgery & Perioperative","OR / Procedural Services",Medium,"Approximate classification based on project/vendor/solution name; validate with portfolio owner."
"PXS710D 10x12 Tethered System","Needs Review / Administrative Artifact","Unclassified / Non-project artifact",Low,"Approximate classification based on project/vendor/solution name; validate with portfolio owner. Added from live catalog sync; no confident vendor/solution match."
"Qiagen - QIASphere","Laboratory & Pathology","Clinical Laboratory / Anatomic Pathology",Medium,"Approximate classification based on project/vendor/solution name; validate with portfolio owner."
"QSight RFID","Pharmacy & Medication Management","Medication Management",Medium,"Approximate classification based on project/vendor/solution name; validate with portfolio owner."
"Quest Software - Toad for Oracle DBA Suite","Infrastructure, Cloud & Platform","Core Infrastructure / Platform",Medium,"Approximate classification based on project/vendor/solution name; validate with portfolio owner."
Quicktome,"Needs Review / Administrative Artifact","Unclassified / Non-project artifact",Low,"Approximate classification based on project/vendor/solution name; validate with portfolio owner. Added from live catalog sync; no confident vendor/solution match."
"QuiqMeds (Adherent 360)","Pharmacy & Medication Management","Medication Management",Medium,"Approximate classification based on project/vendor/solution name; validate with portfolio owner."
Qure.Ai,"Imaging & Radiology","Enterprise Imaging / Radiology Workflow",Medium,"Approximate classification based on project/vendor/solution name; validate with portfolio owner."
RackSpace,"Infrastructure, Cloud & Platform","Core Infrastructure / Platform",Medium,"Approximate classification based on project/vendor/solution name; validate with portfolio owner."
"Rad AI","Imaging & Radiology","Enterprise Imaging / Radiology Workflow",Medium,"Approximate classification based on project/vendor/solution name; validate with portfolio owner."
"Rad Oncology - Winter Garden (MOB)",Oncology,"Radiation / Medical Oncology",Medium,"Approximate classification based on project/vendor/solution name; validate with portfolio owner."
Radformation,Oncology,"Radiation / Medical Oncology",Medium,"Approximate classification based on project/vendor/solution name; validate with portfolio owner."
"Radialogica SciMoCa",Oncology,"Radiation / Medical Oncology",Medium,"Approximate classification based on project/vendor/solution name; validate with portfolio owner."
RadiantOne,"Imaging & Radiology","Enterprise Imaging / Radiology Workflow",Medium,"Approximate classification based on project/vendor/solution name; validate with portfolio owner. Alternate plausible portfolio: Security, Identity & Compliance."
"Radlink Inc - GPS Tower With Surgeon's Checklist","Surgery & Perioperative","OR / Procedural Services",Medium,"Approximate classification based on project/vendor/solution name; validate with portfolio owner."
"Rally Corp","Needs Review / Administrative Artifact","Unclassified / Non-project artifact",Low,"Approximate classification based on project/vendor/solution name; validate with portfolio owner. Added from live catalog sync; no confident vendor/solution match."
Rapid.AI,"Imaging & Radiology","Enterprise Imaging / Radiology Workflow",Medium,"Approximate classification based on project/vendor/solution name; validate with portfolio owner."
Rauland,"Facilities, Physical Security & Communications","Facilities / Safety / Communications",Medium,"Approximate classification based on project/vendor/solution name; validate with portfolio owner."
RedCap,"Research & Academic","Research / Education",Medium,"Approximate classification based on project/vendor/solution name; validate with portfolio owner."
"Redmond - LAV Legacy Archive Viewer","Imaging & Radiology","Enterprise Imaging / Radiology Workflow",Medium,"Approximate classification based on project/vendor/solution name; validate with portfolio owner."
Remisol,"Laboratory & Pathology","Clinical Laboratory / Anatomic Pathology",Medium,"Approximate classification based on project/vendor/solution name; validate with portfolio owner."
"Remisol- Hinsdale upg 2-2026","Laboratory & Pathology","Clinical Laboratory / Anatomic Pathology",Medium,"Approximate classification based on project/vendor/solution name; validate with portfolio owner."
"Research Inst - MITXPC Data Migration","Research & Academic","Research / Education",Medium,"Approximate classification based on project/vendor/solution name; validate with portfolio owner."
RetailSTAR,"Business, Workforce & Administrative","Corporate / Workforce / Administrative",Medium,"Approximate classification based on project/vendor/solution name; validate with portfolio owner."
"Rhyme Healtcare - Rhyme Healtcare","Digital Health & Consumer","Digital Front Door / Patient Engagement",Medium,"Approximate classification based on project/vendor/solution name; validate with portfolio owner."
"RMS Starlink","Infrastructure, Cloud & Platform","Core Infrastructure / Platform",Medium,"Approximate classification based on project/vendor/solution name; validate with portfolio owner."
"RMS Tablets","Infrastructure, Cloud & Platform","Core Infrastructure / Platform",Medium,"Approximate classification based on project/vendor/solution name; validate with portfolio owner."
"Roche 8100 - AH Altamonte","Laboratory & Pathology","Clinical Laboratory / Anatomic Pathology",Medium,"Approximate classification based on project/vendor/solution name; validate with portfolio owner."
"Roche Diagnostics - Cobas Infinity Edge Remote Service for Cobas Liat PCR System","Laboratory & Pathology","Clinical Laboratory / Anatomic Pathology",Medium,"Approximate classification based on project/vendor/solution name; validate with portfolio owner."
"Roche Diagnostics Upg - Shawnee Mission","Laboratory & Pathology","Clinical Laboratory / Anatomic Pathology",Medium,"Approximate classification based on project/vendor/solution name; validate with portfolio owner."
"Roche Digital Pathology OLD Ventana","Laboratory & Pathology","Clinical Laboratory / Anatomic Pathology",Medium,"Approximate classification based on project/vendor/solution name; validate with portfolio owner."
"Roche Navify Infinity","Laboratory & Pathology","Clinical Laboratory / Anatomic Pathology",Medium,"Approximate classification based on project/vendor/solution name; validate with portfolio owner."
"Roche Navify Pathology Hub","Laboratory & Pathology","Clinical Laboratory / Anatomic Pathology",Medium,"Approximate classification based on project/vendor/solution name; validate with portfolio owner."
"Rocky Mountain Region","Needs Review / Administrative Artifact","Unclassified / Non-project artifact",Low,"Approximate classification based on project/vendor/solution name; validate with portfolio owner."
RomeRadiology-GordonMurrayRedmond,"Imaging & Radiology","Enterprise Imaging / Radiology Workflow",Medium,"Approximate classification based on project/vendor/solution name; validate with portfolio owner."
"Rosch Immunotherapy",Oncology,"Radiation / Medical Oncology",Medium,"Approximate classification based on project/vendor/solution name; validate with portfolio owner."
"Rowny Systems, Inc - Antigen Plus","Laboratory & Pathology","Clinical Laboratory / Anatomic Pathology",Medium,"Approximate classification based on project/vendor/solution name; validate with portfolio owner."
"Safepoint Medical - Safepoint Scientific Temperature Monitoring","Laboratory & Pathology","Clinical Laboratory / Anatomic Pathology",Medium,"Approximate classification based on project/vendor/solution name; validate with portfolio owner."
"Sage - 50","Business, Workforce & Administrative","Corporate / Workforce / Administrative",Medium,"Approximate classification based on project/vendor/solution name; validate with portfolio owner."
"Samsung NeuroLogica - RS 85 Prestige Samsung","Imaging & Radiology","Enterprise Imaging / Radiology Workflow",Medium,"Approximate classification based on project/vendor/solution name; validate with portfolio owner."
"ScottCare HL7","Needs Review / Administrative Artifact","Unclassified / Non-project artifact",Low,"Approximate classification based on project/vendor/solution name; validate with portfolio owner. Added from live catalog sync; no confident vendor/solution match."
"Sectra - Sectra One","Imaging & Radiology","Enterprise Imaging / Radiology Workflow",Medium,"Approximate classification based on project/vendor/solution name; validate with portfolio owner."
Seetreat,"Clinical Care & Patient Monitoring","Bedside Care / Monitoring",Medium,"Approximate classification based on project/vendor/solution name; validate with portfolio owner."
SendGrid,"Infrastructure, Cloud & Platform","Core Infrastructure / Platform",Medium,"Approximate classification based on project/vendor/solution name; validate with portfolio owner."
"Seo Enterprises, Inc - Captavision+(software)","Business, Workforce & Administrative","Corporate / Workforce / Administrative",Medium,"Approximate classification based on project/vendor/solution name; validate with portfolio owner."
"Services Systems","Business, Workforce & Administrative","Corporate / Workforce / Administrative",Medium,"Approximate classification based on project/vendor/solution name; validate with portfolio owner."
"Shared Medical Services - Mobile Imaging","Imaging & Radiology","Enterprise Imaging / Radiology Workflow",Medium,"Approximate classification based on project/vendor/solution name; validate with portfolio owner."
"SharePoint Private Architecture Repo.agent","Needs Review / Administrative Artifact","Unclassified / Non-project artifact",Low,"Approximate classification based on project/vendor/solution name; validate with portfolio owner."
"Siemens - ARTIS icono biplane IR Pro","Needs Review / Administrative Artifact","Unclassified / Non-project artifact",Low,"Approximate classification based on project/vendor/solution name; validate with portfolio owner. Added from live catalog sync; no confident vendor/solution match."
"Siemens Healthineers - Siemens Virtual Cockpit","Imaging & Radiology","Enterprise Imaging / Radiology Workflow",Medium,"Approximate classification based on project/vendor/solution name; validate with portfolio owner."
"Siemens Healthineers - Syngo.Via Enterprise Connector","Needs Review / Administrative Artifact","Unclassified / Non-project artifact",Low,"Approximate classification based on project/vendor/solution name; validate with portfolio owner. Added from live catalog sync; no confident vendor/solution match."
"Siemens Healthineers- SOMATOM go.Top Excel","Imaging & Radiology","Enterprise Imaging / Radiology Workflow",Medium,"Approximate classification based on project/vendor/solution name; validate with portfolio owner."
"Siemens Healthineers- Syngo.via Enterprise Connector","Imaging & Radiology","Enterprise Imaging / Radiology Workflow",Medium,"Approximate classification based on project/vendor/solution name; validate with portfolio owner."
"Siemens MR AI Neuro Triage","Imaging & Radiology","Enterprise Imaging / Radiology Workflow",Medium,"Approximate classification based on project/vendor/solution name; validate with portfolio owner."
"Siemens Sharp FM","Needs Review / Administrative Artifact","Unclassified / Non-project artifact",Low,"Approximate classification based on project/vendor/solution name; validate with portfolio owner. Added from live catalog sync; no confident vendor/solution match."
"Sigma Computing","Data & Analytics","BI / Analytics / Data",Medium,"Approximate classification based on project/vendor/solution name; validate with portfolio owner."
SimCapture,"Research & Academic","Research / Education",Medium,"Approximate classification based on project/vendor/solution name; validate with portfolio owner."
Slot3D,"Imaging & Radiology","Enterprise Imaging / Radiology Workflow",Medium,"Approximate classification based on project/vendor/solution name; validate with portfolio owner."
"Slot3D - Slot3D","Needs Review / Administrative Artifact","Unclassified / Non-project artifact",Low,"Approximate classification based on project/vendor/solution name; validate with portfolio owner. Added from live catalog sync; no confident vendor/solution match."
Softbank,"Infrastructure, Cloud & Platform","Core Infrastructure / Platform",Medium,"Approximate classification based on project/vendor/solution name; validate with portfolio owner."
"Solaborate Inc - Hellocare","Clinical Care & Patient Monitoring","Bedside Care / Monitoring",Medium,"Approximate classification based on project/vendor/solution name; validate with portfolio owner."
"Solaire Medical - Ventaire Drying Cabinet","Facilities, Physical Security & Communications","Facilities / Safety / Communications",Medium,"Approximate classification based on project/vendor/solution name; validate with portfolio owner."
"Solarity Health","Health Information Management & Revenue Cycle","HIM / Coding / Revenue Integrity",Medium,"Approximate classification based on project/vendor/solution name; validate with portfolio owner."
"Solventum Cloud","Infrastructure, Cloud & Platform","Core Infrastructure / Platform",Medium,"Approximate classification based on project/vendor/solution name; validate with portfolio owner."
"Solventum Fluency Cloud","Infrastructure, Cloud & Platform","Core Infrastructure / Platform",Medium,"Approximate classification based on project/vendor/solution name; validate with portfolio owner."
"Sonex Health - UltraGuideCTR & UltraGuideTFR","Surgery & Perioperative","OR / Procedural Services",Medium,"Approximate classification based on project/vendor/solution name; validate with portfolio owner."
"SOZO Digital Health Platform - Impedimed","Clinical Care & Patient Monitoring","Bedside Care / Monitoring",Medium,"Approximate classification based on project/vendor/solution name; validate with portfolio owner."
"Spectrum Mobile Health Inc, dba Firstline Clinical - Firstline","Clinical Care & Patient Monitoring","Bedside Care / Monitoring",Medium,"Approximate classification based on project/vendor/solution name; validate with portfolio owner."
Spok,"Needs Review / Administrative Artifact","Unclassified / Non-project artifact",Low,"Approximate classification based on project/vendor/solution name; validate with portfolio owner. Added from live catalog sync; no confident vendor/solution match."
Sportsbox_3dGolf,"Business, Workforce & Administrative","Corporate / Workforce / Administrative",Medium,"Approximate classification based on project/vendor/solution name; validate with portfolio owner."
"StaffGarden - Roots","Business, Workforce & Administrative","Corporate / Workforce / Administrative",Medium,"Approximate classification based on project/vendor/solution name; validate with portfolio owner."
"STERIS - HexaVue Connect","Surgery & Perioperative","OR / Procedural Services",Medium,"Approximate classification based on project/vendor/solution name; validate with portfolio owner."
"STERIS Corporation - TruFreeze","Surgery & Perioperative","OR / Procedural Services",Medium,"Approximate classification based on project/vendor/solution name; validate with portfolio owner."
"Stryker - Vocera Analytics","Clinical Care & Patient Monitoring","Bedside Care / Monitoring",Medium,"Approximate classification based on project/vendor/solution name; validate with portfolio owner."
"Stryker - Vocera Voice","Clinical Care & Patient Monitoring","Bedside Care / Monitoring",Medium,"Approximate classification based on project/vendor/solution name; validate with portfolio owner."
"Stryker Medical","Surgery & Perioperative","OR / Procedural Services",Medium,"Approximate classification based on project/vendor/solution name; validate with portfolio owner."
"Stryker Medical - Surgicount + Triton","Surgery & Perioperative","OR / Procedural Services",Medium,"Approximate classification based on project/vendor/solution name; validate with portfolio owner."
STS-Database,Cardiology,"Cardiovascular Services",Medium,"Approximate classification based on project/vendor/solution name; validate with portfolio owner."
"Sun Nuclear Corporation - PlanAI",Oncology,"Radiation / Medical Oncology",Medium,"Approximate classification based on project/vendor/solution name; validate with portfolio owner."
"Sun Nuclear Corporation - SunCHECK",Oncology,"Radiation / Medical Oncology",Medium,"Approximate classification based on project/vendor/solution name; validate with portfolio owner."
SURGAR,"Surgery & Perioperative","OR / Procedural Services",Medium,"Approximate classification based on project/vendor/solution name; validate with portfolio owner."
Swisslog,"Facilities, Physical Security & Communications","Facilities / Safety / Communications",Medium,"Approximate classification based on project/vendor/solution name; validate with portfolio owner."
"Swisslog- Boxpicker","Pharmacy & Medication Management","Medication Management",Medium,"Approximate classification based on project/vendor/solution name; validate with portfolio owner."
Symago,"Imaging & Radiology","Enterprise Imaging / Radiology Workflow",Medium,"Approximate classification based on project/vendor/solution name; validate with portfolio owner."
"Symplr - Hayes Clinical Evidence","Enterprise Clinical Applications","Clinical Workflow",Medium,"Approximate classification based on project/vendor/solution name; validate with portfolio owner."
"Synthesia - Studio 2.0","Business, Workforce & Administrative","Corporate / Workforce / Administrative",Medium,"Approximate classification based on project/vendor/solution name; validate with portfolio owner."
"Sysdig Inc - Sysdig Security and Monitoring","Security, Identity & Compliance","Cybersecurity / IAM / Compliance",Medium,"Approximate classification based on project/vendor/solution name; validate with portfolio owner."
"Sysmex America Inc - XP-300","Laboratory & Pathology","Clinical Laboratory / Anatomic Pathology",Medium,"Approximate classification based on project/vendor/solution name; validate with portfolio owner."
"Sysmex America Inc_CellaVision DC-1","Laboratory & Pathology","Clinical Laboratory / Anatomic Pathology",Medium,"Approximate classification based on project/vendor/solution name; validate with portfolio owner."
Tableau,"Data & Analytics","BI / Analytics / Data",Medium,"Approximate classification based on project/vendor/solution name; validate with portfolio owner."
"Tatango, Inc - Tatango","Digital Health & Consumer","Digital Front Door / Patient Engagement",Medium,"Approximate classification based on project/vendor/solution name; validate with portfolio owner."
"TCS International","Business, Workforce & Administrative","Corporate / Workforce / Administrative",Medium,"Approximate classification based on project/vendor/solution name; validate with portfolio owner."
"Technical Risk Assessment SNOW Questionnaire","Needs Review / Administrative Artifact","Unclassified / Non-project artifact",Low,"Approximate classification based on project/vendor/solution name; validate with portfolio owner. Added from live catalog sync; no confident vendor/solution match."
TecsysBartender,"Needs Review / Administrative Artifact","Unclassified / Non-project artifact",Low,"Approximate classification based on project/vendor/solution name; validate with portfolio owner. Added from live catalog sync; no confident vendor/solution match."
"TerumoBCT - TOMES","Needs Review / Administrative Artifact","Unclassified / Non-project artifact",Low,"Approximate classification based on project/vendor/solution name; validate with portfolio owner. Added from live catalog sync; no confident vendor/solution match."
"Ticket Manager_DEGC","Business, Workforce & Administrative","Corporate / Workforce / Administrative",Medium,"Approximate classification based on project/vendor/solution name; validate with portfolio owner."
"TOBII Dynavox LLC - Boardmaker 7","Research & Academic","Research / Education",Medium,"Approximate classification based on project/vendor/solution name; validate with portfolio owner."
"Total Compliance Network - TestTrack","Security, Identity & Compliance","Cybersecurity / IAM / Compliance",Medium,"Approximate classification based on project/vendor/solution name; validate with portfolio owner."
"Trane - Tracer Ensemble Raspberry Pi","Facilities, Physical Security & Communications","Facilities / Safety / Communications",Medium,"Approximate classification based on project/vendor/solution name; validate with portfolio owner."
"Treadmetrix_Upper Extremity Motion Treadmetrics","Needs Review / Administrative Artifact","Unclassified / Non-project artifact",Low,"Approximate classification based on project/vendor/solution name; validate with portfolio owner. Added from live catalog sync; no confident vendor/solution match."
"Trintech Inc - Trintech-Frontier Reconcilliation","Needs Review / Administrative Artifact","Unclassified / Non-project artifact",Low,"Approximate classification based on project/vendor/solution name; validate with portfolio owner. Added from live catalog sync; no confident vendor/solution match."
"Turnitin - AHU","Research & Academic","Research / Education",Medium,"Approximate classification based on project/vendor/solution name; validate with portfolio owner."
"UiPath Inc - UiPath","Business, Workforce & Administrative","Corporate / Workforce / Administrative",Medium,"Approximate classification based on project/vendor/solution name; validate with portfolio owner."
"Unetixs Multilab Series II Roodra Vascular Ultrasound",Cardiology,"Cardiovascular Services",Medium,"Approximate classification based on project/vendor/solution name; validate with portfolio owner."
"United Medical System (UMS)_MR Fusion Prostate Biopsy","Surgery & Perioperative","OR / Procedural Services",Medium,"Approximate classification based on project/vendor/solution name; validate with portfolio owner."
"Valcom IP6000","Facilities, Physical Security & Communications","Facilities / Safety / Communications",Medium,"Approximate classification based on project/vendor/solution name; validate with portfolio owner."
"Valiant AI - Deceased Donor Organ Assessment Model","Clinical Care & Patient Monitoring","Bedside Care / Monitoring",Medium,"Approximate classification based on project/vendor/solution name; validate with portfolio owner."
"Varian - ETHOS",Oncology,"Radiation / Medical Oncology",Medium,"Approximate classification based on project/vendor/solution name; validate with portfolio owner."
"Varian ARIA",Oncology,"Radiation / Medical Oncology",Medium,"Approximate classification based on project/vendor/solution name; validate with portfolio owner."
"Varian Ethos",Oncology,"Radiation / Medical Oncology",Medium,"Approximate classification based on project/vendor/solution name; validate with portfolio owner."
VaxCare,"Digital Health & Consumer","Digital Front Door / Patient Engagement",Medium,"Approximate classification based on project/vendor/solution name; validate with portfolio owner."
Vedant,"Business, Workforce & Administrative","Corporate / Workforce / Administrative",Medium,"Approximate classification based on project/vendor/solution name; validate with portfolio owner."
"Velsera - Velsera Clinical Genomics Workspace (CGW)",Oncology,"Radiation / Medical Oncology",Medium,"Approximate classification based on project/vendor/solution name; validate with portfolio owner."
vendor-solution,"Needs Review / Administrative Artifact","Unclassified / Non-project artifact",Low,"Approximate classification based on project/vendor/solution name; validate with portfolio owner."
"Vision Software-TechVST","Business, Workforce & Administrative","Corporate / Workforce / Administrative",Medium,"Approximate classification based on project/vendor/solution name; validate with portfolio owner."
"Vital - Careassist","Clinical Care & Patient Monitoring","Bedside Care / Monitoring",Medium,"Approximate classification based on project/vendor/solution name; validate with portfolio owner."
"Vital - ERAdvisors","Clinical Care & Patient Monitoring","Bedside Care / Monitoring",Medium,"Approximate classification based on project/vendor/solution name; validate with portfolio owner."
VizAI,"Imaging & Radiology","Enterprise Imaging / Radiology Workflow",Medium,"Approximate classification based on project/vendor/solution name; validate with portfolio owner."
"Vizient - Data Connector","Data & Analytics","BI / Analytics / Data",Medium,"Approximate classification based on project/vendor/solution name; validate with portfolio owner."
"Volpara - Volpara","Imaging & Radiology","Enterprise Imaging / Radiology Workflow",Medium,"Approximate classification based on project/vendor/solution name; validate with portfolio owner."
Vyaire,"Clinical Care & Patient Monitoring","Bedside Care / Monitoring",Medium,"Approximate classification based on project/vendor/solution name; validate with portfolio owner."
"Vyaire Medical (CareFusion 211) - Vyntus One PFT and Vyntus","Clinical Care & Patient Monitoring","Bedside Care / Monitoring",Medium,"Approximate classification based on project/vendor/solution name; validate with portfolio owner."
Vyne,"Health Information Management & Revenue Cycle","HIM / Coding / Revenue Integrity",Medium,"Approximate classification based on project/vendor/solution name; validate with portfolio owner."
"Waters - Masslynx","Needs Review / Administrative Artifact","Unclassified / Non-project artifact",Low,"Approximate classification based on project/vendor/solution name; validate with portfolio owner. Added from live catalog sync; no confident vendor/solution match."
"Waters Corporation - Clinical LIMS Interface (MassLynx)","Laboratory & Pathology","Clinical Laboratory / Anatomic Pathology",Medium,"Approximate classification based on project/vendor/solution name; validate with portfolio owner."
Watershed,"Research & Academic","Research / Education",Medium,"Approximate classification based on project/vendor/solution name; validate with portfolio owner."
"Welch Allyn RetinaVue","Clinical Care & Patient Monitoring","Bedside Care / Monitoring",Medium,"Approximate classification based on project/vendor/solution name; validate with portfolio owner."
"Werfen - Hemochron","Laboratory & Pathology","Clinical Laboratory / Anatomic Pathology",Medium,"Approximate classification based on project/vendor/solution name; validate with portfolio owner."
"Windows 365 - VDI","Infrastructure, Cloud & Platform","Core Infrastructure / Platform",Medium,"Approximate classification based on project/vendor/solution name; validate with portfolio owner."
Workday,"Business, Workforce & Administrative","Corporate / Workforce / Administrative",Medium,"Approximate classification based on project/vendor/solution name; validate with portfolio owner."
"Workday - Job desc comparison app","Business, Workforce & Administrative","Corporate / Workforce / Administrative",Medium,"Approximate classification based on project/vendor/solution name; validate with portfolio owner."
"z_ATE ATS Transition Standards","Needs Review / Administrative Artifact","Unclassified / Non-project artifact",Low,"Approximate classification based on project/vendor/solution name; validate with portfolio owner. Added from live catalog sync; no confident vendor/solution match."
"z_Epic 3rd Party Solutions","Enterprise Clinical Applications","Clinical Workflow",Medium,"Approximate classification based on project/vendor/solution name; validate with portfolio owner."
"z_Naming Standards","Needs Review / Administrative Artifact","Unclassified / Non-project artifact",Low,"Approximate classification based on project/vendor/solution name; validate with portfolio owner. Added from live catalog sync; no confident vendor/solution match."
z_prjlist,"Needs Review / Administrative Artifact","Unclassified / Non-project artifact",Low,"Approximate classification based on project/vendor/solution name; validate with portfolio owner. Added from live catalog sync; no confident vendor/solution match."
"Z_Test_Do not delete","Needs Review / Administrative Artifact","Unclassified / Non-project artifact",Low,"Approximate classification based on project/vendor/solution name; validate with portfolio owner. Added from live catalog sync; no confident vendor/solution match."
"Zerto (Hewlett Packard Enterprise)","Infrastructure, Cloud & Platform","Core Infrastructure / Platform",Medium,"Approximate classification based on project/vendor/solution name; validate with portfolio owner."
